﻿<?xml version="1.0" encoding="utf-8" standalone="no" ?>
<modDesc descVersion="53">
    <author>yumi</author>
    <version>1.0.2.3</version>
    <title>
        <en>Additional Field Info</en>
        <fr>Informations De Champ Supplémentaires</fr>
        <de>Zusätzliche Feldinfo</de>
        <ru>Дополнительная информация о поле</ru>
    </title>
    <description>
        <en><![CDATA[
Display additional info in the field info panel when walking through a field:
  - Area of each field in the current land
  - Current land area
  - Price per ha (per ac) of the cultivated area on land you don't own
  - Potential harvest quantity and yield on ready to harvest fields

==== CHANGELOG ====
New in v1.0.1.0
  - Potential harvest quantity and yield added
Fixed in v1.0.1.1
  - Manage farmlands with several fields by showing them one by one after each refresh
New in v1.0.1.2
  - Adding polish and spanish translation
New in v1.0.2.0
  - Land area displayed in Map overview land screen
Fixed in v1.0.2.1
  - Slow down display refresh for farmlands with several fields
New in v1.0.2.2
  - Adding russian translation
Fixed in v1.0.2.3
  - Fix compatibility with Precision Farming and remove redundant information
]]></en>
        <fr><![CDATA[
Affiche des informations supplémentaires dans le panneau lorsque vous parcourez un champ à pied:
  - Superficie de chaque champ du terrain actuel
  - Superficie du terrain actuel
  - Prix par ha (par ac) de la partie cultivée des terrains que vous ne possédez pas
  - Récolte et rendement potentiel dans les champs prêt à récolter

==== CHANGELOG ====
New in v1.0.1.0
  - Ajout de récolte et rendement potentiel
Fixed in v1.0.1.1
  - Gestion des terrains contenant plusieurs champs en affichant les informations de chacun alternativement
New in v1.0.1.2
  - Ajout de la traduction polonaise et espagnole
New in v1.0.2.0
  - Superficie du terrain affichée dans l'écran des terrains du menu Aperçu de la carte
Fixed in v1.0.2.1
  - Ralentit le rafraîchissement de l'affichage pour les terrains contenant plusieurs champs
New in v1.0.2.2
  - Ajout de la traduction russe
Fixed in v1.0.2.3
  - Compatibilité avec Precision Farming et suppression des informations redondantes
]]></fr>
        <de><![CDATA[
Zeigen Sie zusätzliche Informationen im Feldinfofenster an, wenn Sie durch ein Feld gehen:
  - Fläche jedes Feldes im aktuellen Land
  - Aktuelle Landfläche
  - Preis pro ha (pro ac) der Anbaufläche auf Land, das Sie nicht besitzen
  - Potenzielle Erntemenge und Ertrag auf erntefertigen Feldern

==== CHANGELOG ====
New in v1.0.1.0
  - Potenzielle Erntemenge und Ertrag hinzugefügt
Fixed in v1.0.1.1
  - Verwalten Sie Ackerland mit mehreren Feldern, indem Sie diese nach jeder Aktualisierung einzeln anzeigen
New in v1.0.1.2
  - Polnische und spanische Übersetzung hinzufügen
New in v1.0.2.0
  - Landfläche wird im Landbildschirm der Kartenübersicht angezeigt
Fixed in v1.0.2.1
  - Verlangsamen Sie die Aktualisierung der Anzeige für Ackerland mit mehreren Feldern
New in v1.0.2.2
  - Russische Übersetzung hinzufügen
Fixed in v1.0.2.3
  - Korrigieren Sie die Kompatibilität mit Precision Farming und entfernen Sie redundante Informationen 
]]></de>
         <pl><![CDATA[
Wyświetlaj dodatkowe informacje o polu na panelu informacyjnym podczas chodzenia po polu:
  - Teren pola na danym grunucie
  - Teren danego gruntu
  - Cenę za  ha (za akr) terenu po kultywacji na nieposiadanych ziemiach 
  - Potencjalny zysk i przypuszczalną ilość zbiorów na polach gotowych na zbiory

==== LISTA ZMIAN ====
Nowe w  v1.0.1.0
  - Dodano przypuszczalną ilość zbiorów i potencjalny zysk
Naprawione w v1.0.1.1
  - Zarzadzaj gruntami o wielu polach poprzez pokazywanie ich jeden za drugim w trybie odświeżania
Nowe w  v1.0.1.2
  - Dodawanie polskiego i hiszpańskiego tłumaczenia
Nowe w  v1.0.2.0
  - Obszar lądowy wyświetlany na ekranie lądowania Przegląd mapy
Naprawione in v1.0.2.1
  - Spowolnij odświeżanie ekranu dla pól uprawnych z kilkoma polami
Nowe w  v1.0.2.2
  - Dodanie tłumaczenia rosyjskiego
Naprawione in v1.0.2.3
  - Napraw zgodność z Precision Farming i usuń zbędne informacje 
]]></pl>
        <es><![CDATA[
Muestra información adicional sobre el campo que estás:
  - Área de cada campo en el terreno actual
  - Área de la zona actual
  - Precio por ha (per ac) del área cultivada en tierras que no son de su propiedad.
  - Cantidad potencial de cosecha y rendimiento en campos listos para cosechar

==== CHANGELOG ====
Nuevo en v1.0.1.0
  - Añadida Cantidad potencial de cosecha y rendimiento
Arreglado en v1.0.1.1
  - Administre tierras de cultivo con varios campos mostrándolos uno por uno después de cada actualización.
Nuevo en v1.0.1.2
  - Añadida traducción al español y al polaco
Nuevo en v1.0.2.0
  - Área del terreno en la pantalla de terreno de la Vista general del mapa
Arreglado in v1.0.2.1
  - Reduzca la velocidad de actualización de la pantalla para tierras de cultivo con varios campos
Nuevo en v1.0.2.2
  - Añadida traducción al ruso
Arreglado in v1.0.2.3
  - Compatibilidad con Precision Farming y elimine la información redundante 
]]></es>
        <ru><![CDATA[
Отображение дополнительной информации на панели информации о поле при проходе по полю:
   - Площадь каждого поля на участке
   - Площадь земельного участка
   - Цена за гектар (за акр) посевной площади на земле, которой вы не владеете
   - Возможное количество урожая и урожайность на готовых к уборке полях

==== ИЗМЕНЕНИЯ ====
Новое в v1.0.1.0
   - Возможный урожай и урожайность
Исправлено в v1.0.1.1
   - Управляйте сельхозугодьями с несколькими полями, показывая их одно за другим в режиме обновления
Новое в v1.0.1.2
   - Добавление польского и испанского переводов
Новое в v1.0.2.0
   - Площадь выделенного земельного участка отображается на экране обзора карты.
Исправлено в v1.0.2.1
   - Замедленное обновление дисплея для сельхозугодий с несколькими полями
Новое в v1.0.2.2
Исправлено в v1.0.2.3
   - Исправьте совместимость с Precision Farming и удалите лишнюю информацию
]]></ru>
    </description>
    <iconFilename>modIcon.dds</iconFilename>
    <multiplayer supported="true"/>
    
    <extraSourceFiles>
        <sourceFile filename="additionalFieldInfo.lua" />
    </extraSourceFiles>

    <l10n>
        <text name="additionalFieldInfo_FIELD_AREA">
            <fr>Superficie du champ %d</fr>
            <en>Field %d Area</en>
            <de>Feld %d Fläche</de>
            <pl>Powierzchnia pola %d</pl>
            <es>Area del campo %d</es>
            <ru>Площадь поля %d</ru>
        </text>
        <text name="additionalFieldInfo_FARMLAND_AREA">
            <fr>Superficie du terrain</fr>
            <en>Land Area</en>
            <de>Landfläche</de>
            <pl>Powierzchnia terenu</pl>
            <es>Area de la parcela</es>
            <ru>Площадь участка</ru>
        </text>
        <text name="additionalFieldInfo_AREA">
            <fr>Superficie</fr>
            <en>Area</en>
            <de>Fläche</de>
            <pl>Teren</pl>
            <es>Area</es>
            <ru>Площадь</ru>
        </text>
        <text name="additionalFieldInfo_PRICE_ON_AREA">
            <fr>Prix à l'%s</fr>
            <en>Price per %s</en>
            <de>Preis pro %s</de>
            <pl>Cena za %s</pl>
            <es>Precio por %s</es>
            <ru>Поле(я) на участке по</ru>
        </text>
        <text name="additionalFieldInfo_POTENTIAL_HARVEST">
            <fr>Récolte potentielle</fr>
            <en>Potential harvest quantity</en>
            <de>Potenzielle Erntemenge</de>
            <pl>Potencjalny plon</pl>
            <es>A cosechar aprox.</es>
            <ru>Возможный урожай</ru>
        </text>
        <text name="additionalFieldInfo_POTENTIAL_YIELD">
            <fr>Rendement potentiel</fr>
            <en>Potential yield</en>
            <de>Möglicher Ertrag</de>
            <pl>Potencjalny zysk</pl>
            <es>Posible rendimiento</es>
            <ru>Возможная урожайность</ru>
        </text>
    </l10n>

</modDesc>
