﻿<?xml version="1.0" encoding="utf-8" standalone="no" ?>
<modDesc descVersion="51">
    <author>yumi</author>
    <version>1.0.2.1</version>		
	<title>
        <en>Additional Field Info</en>
		<fr>Informations De Champ Supplémentaires</fr>
		<de>Zusätzliche Feldinfo</de>
    </title>
    <description>
        <en><![CDATA[
Display additional info in the field info panel when walking through a field:
  - Area of each field in the current land
  - Current land area
  - Price per ha (per ac) of the cultivated area on land you don't own
  - Potential harvest quantity and yield on ready to harvest fields

==== CHANGELOG ====
New in v1.0.1.0
  - Potential harvest quantity and yield added
Fixed in v1.0.1.1
  - Manage farmlands with several fields by showing them one by one after each refresh
New in v1.0.1.2
  - Adding polish and spanish translation
New in v1.0.2.0
  - Land area displayed in Map overview land screen
Fixed in v1.0.2.1
  - Slow down display refresh for farmlands with several fields
		]]></en>
		<fr><![CDATA[
Affiche des informations supplémentaires dans le panneau lorsque vous parcourez un champ à pied:
  - Superficie de chaque champ du terrain actuel
  - Superficie du terrain actuel
  - Prix par ha (par ac) de la partie cultivée des terrains que vous ne possédez pas
  - Récolte et rendement potentiel dans les champs prêt à récolter

==== CHANGELOG ====
New in v1.0.1.0
  - Ajout de récolte et rendement potentiel
Fixed in v1.0.1.1
  - Gestion des terrains contenant plusieurs champs en affichant les informations de chacun alternativement
New in v1.0.1.2
  - Ajout de la traduction polonaise et espagnole
New in v1.0.2.0
  - Superficie du terrain affichée dans l'écran des terrains du menu Aperçu de la carte
Fixed in v1.0.2.1
  - Ralentit le rafraîchissement de l'affichage pour les terrains contenant plusieurs champs
		]]></fr>
		<de><![CDATA[
Zeigen Sie zusätzliche Informationen im Feldinfofenster an, wenn Sie durch ein Feld gehen:
  - Fläche jedes Feldes im aktuellen Land
  - Aktuelle Landfläche
  - Preis pro ha (pro ac) der Anbaufläche auf Land, das Sie nicht besitzen
  - Potenzielle Erntemenge und Ertrag auf erntefertigen Feldern

==== CHANGELOG ====
New in v1.0.1.0
  - Potenzielle Erntemenge und Ertrag hinzugefügt
Fixed in v1.0.1.1
  - Verwalten Sie Ackerland mit mehreren Feldern, indem Sie diese nach jeder Aktualisierung einzeln anzeigen
New in v1.0.1.2
  - Polnische und spanische Übersetzung hinzufügen
New in v1.0.2.0
  - Landfläche wird im Landbildschirm der Kartenübersicht angezeigt
Fixed in v1.0.2.1
  - Verlangsamen Sie die Aktualisierung der Anzeige für Ackerland mit mehreren Feldern
		]]></de>
		 <pl><![CDATA[
Wyświetlaj dodatkowe informacje o polu na panelu informacyjnym podczas chodzenia po polu:
  - Teren pola na danym grunucie
  - Teren danego gruntu
  - Cenę za  ha (za akr) terenu po kultywacji na nieposiadanych ziemiach 
  - Potencjalny zysk i przypuszczalną ilość zbiorów na polach gotowych na zbiory

==== LISTA ZMIAN ====
Nowe w  v1.0.1.0
  - Dodano przypuszczalną ilość zbiorów i potencjalny zysk
Naprawione w v1.0.1.1
  - Zarzadzaj gruntami o wielu polach poprzez pokazywanie ich jeden za drugim w trybie odświeżania
Nowe w  v1.0.1.2
  - Dodawanie polskiego i hiszpańskiego tłumaczenia
Nowe w  v1.0.2.0
  - Obszar lądowy wyświetlany na ekranie lądowania Przegląd mapy
Fixed in v1.0.2.1
  - Spowolnij odświeżanie ekranu dla pól uprawnych z kilkoma polami
]]></pl>
        <es><![CDATA[
Muestra información adicional sobre el campo que estás:
  - Área de cada campo en el terreno actual
  - Área de la zona actual
  - Precio por ha (per ac) del área cultivada en tierras que no son de su propiedad.
  - Cantidad potencial de cosecha y rendimiento en campos listos para cosechar

==== CHANGELOG ====
Nuevo en v1.0.1.0
  - Añadida Cantidad potencial de cosecha y rendimiento
Arreglado en v1.0.1.1
  - Administre tierras de cultivo con varios campos mostrándolos uno por uno después de cada actualización.
Nuevo en v1.0.1.2
  - Añadida traducción al español y al polaco
Nuevo en v1.0.2.0
  - Área del terreno en la pantalla de terreno de la Vista general del mapa
Fixed in v1.0.2.1
  - Reduzca la velocidad de actualización de la pantalla para tierras de cultivo con varios campos
]]></es>
    </description>
	<iconFilename>icon_AdditionalFieldInfo.dds</iconFilename>
    <multiplayer supported="true"/>
	
	<extraSourceFiles>
		<sourceFile filename="additionalFieldInfo.lua" />	
    </extraSourceFiles>

	<l10n>
		<text name="additionalFieldInfo_FIELD_AREA">
			<fr>Superficie du champ %d</fr>
			<en>Field %d Area</en>
			<de>Feld %d Fläche</de>
			<pl>Pole nr %d</pl>
			<es>Area del campo %d</es>
		</text>
		<text name="additionalFieldInfo_FARMLAND_AREA">
			<fr>Superficie du terrain</fr>
			<en>Land Area</en>
			<de>Land Fläche</de>
			<pl>Grunt</pl>
			<es>Area de la parcela</es>
		</text>
		<text name="additionalFieldInfo_AREA">
			<fr>Superficie</fr>
			<en>Area</en>
			<de>Fläche</de>
			<pl>Grunt</pl>
			<es>Area</es>
		</text>
		<text name="additionalFieldInfo_PRICE_ON_AREA">
			<fr>Prix à l'%s</fr>
			<en>Price per %s</en>
			<de>Preis pro %s</de>
			<pl>Cena za %s</pl>
			<es>Precio por %s</es>
		</text>
		<text name="additionalFieldInfo_POTENTIAL_HARVEST">
			<fr>Récolte potentielle</fr>
			<en>Potential harvest quantity</en>
			<de>Potenzielle Erntemenge</de>
			<pl>Potencjalna ilość zbiorów</pl>
			<es>A cosechar aprox.</es>
		</text>
		<text name="additionalFieldInfo_POTENTIAL_YIELD">
			<fr>Rendement potentiel</fr>
			<en>Potential yield</en>
			<de>Möglicher Ertrag</de>
			<pl>Potencjalny zysk</pl>
			<es>Posible rendimiento</es>
		</text>
	</l10n>

</modDesc>
