﻿<?xml version="1.0" encoding="utf-8" standalone="no" ?>
<modDesc descVersion="44">
    <author>yumi</author>
    <version>1.0.0.0</version>		
	<title>
        <en>Additional field info</en>
		<fr>Informations de champ supplémentaires</fr>
		<de>Zusätzliche Feldinfo</de>
    </title>
    <description>
        <en><![CDATA[
Display additional info in the field info panel when walking through a field:
 - Area of each field in the current land
 - Current land area
 - Price per ha (per ac) of the cultivated area on land you don't own
		]]></en>
		<fr><![CDATA[
Affiche des informations supplémentaires dans le panneau lorsque vous parcourez un champ à pied:
  - Superficie de chaque champ du terrain actuel
  - Surface du terrain actuel
  - Prix par ha (par ac) de la partie cultivée des terrains que vous ne possédez pas
		]]></fr>
		<de><![CDATA[
Zeigen Sie zusätzliche Informationen im Feldinfofenster an, wenn Sie durch ein Feld gehen:
  - Fläche jedes Feldes im aktuellen Land
  - Aktuelle Landfläche
  - Preis pro ha (pro ac) der Anbaufläche auf Land, das Sie nicht besitzen
		]]></de>		
    </description>
	<iconFilename>icon_AdditionalFieldInfo.dds</iconFilename>
    <multiplayer supported="true"/>
	
	<extraSourceFiles>
		<sourceFile filename="additionalFieldInfo.lua" />	
    </extraSourceFiles>

	<l10n>
		<text name="additionalFieldInfo_FIELD_AREA">
			<fr>Superficie du champ %d</fr>
			<en>Field %d Area</en>
			<de>Feld %d Fläche</de>
		</text>
		<text name="additionalFieldInfo_FARMLAND_AREA">
			<fr>Superficie du terrain</fr>
			<en>Land Area</en>
			<de>Land Fläche</de>
		</text>
		<text name="additionalFieldInfo_PRICE_ON_AREA">
			<fr>Prix à l'%s</fr>
			<en>Price per %s</en>
			<de>Preis pro %s</de>
		</text>
	</l10n>

</modDesc>
